{"cameraMode":{"drawMode":0,"name":"Shaded","section":"Shading Mode"},"sceneLighting":false,"audioPlay":false,"sceneViewState":{"showFog":true,"showMaterialUpdate":true,"showSkybox":false,"showFlares":true,"showImageEffects":true,"showParticleSystems":true},"in2DMode":false,"pivot":{"x":-5.265308380126953,"y":-2.6799402236938478,"z":-1.9754152297973633},"rotation":{"x":0.13440482318401338,"y":0.6183881759643555,"z":-0.10843583941459656,"w":0.76667720079422},"size":3.3585586547851564,"orthographic":false}