{"cameraMode":{"drawMode":0,"name":"Shaded","section":"Shading Mode"},"sceneLighting":true,"audioPlay":false,"sceneViewState":{"showFog":true,"showMaterialUpdate":true,"showSkybox":true,"showFlares":true,"showImageEffects":true,"showParticleSystems":true},"in2DMode":false,"pivot":{"x":30.14993667602539,"y":-11.787092208862305,"z":0.3817863464355469},"rotation":{"x":-0.20766066014766694,"y":-0.058494165539741519,"z":0.012450546957552433,"w":-0.976391613483429},"size":25.186641693115236,"orthographic":false}