{"cameraMode":{"drawMode":0,"name":"Shaded","section":"Shading Mode"},"sceneLighting":true,"audioPlay":false,"sceneViewState":{"showFog":true,"showMaterialUpdate":true,"showSkybox":false,"showFlares":true,"showImageEffects":true,"showParticleSystems":true},"in2DMode":false,"pivot":{"x":0.015277504920959473,"y":-0.16803312301635743,"z":-3001.1845703125},"rotation":{"x":0.529268741607666,"y":0.16618779301643372,"z":-0.1066034659743309,"w":0.8251721858978272},"size":1.8635001182556153,"orthographic":false}