{"cameraMode":{"drawMode":0,"name":"Shaded","section":"Shading Mode"},"sceneLighting":true,"audioPlay":false,"sceneViewState":{"showFog":true,"showMaterialUpdate":true,"showSkybox":false,"showFlares":true,"showImageEffects":true,"showParticleSystems":true},"in2DMode":false,"pivot":{"x":-6.16259765625,"y":0.0400390625,"z":0.92236328125},"rotation":{"x":-0.15317592024803163,"y":-0.3707064390182495,"z":0.06214088201522827,"w":-0.9139400124549866},"size":1591.5526123046875,"orthographic":false}