{"cameraMode":{"drawMode":0,"name":"Shaded","section":"Shading Mode"},"sceneLighting":true,"audioPlay":false,"sceneViewState":{"showFog":true,"showMaterialUpdate":true,"showSkybox":true,"showFlares":true,"showImageEffects":true,"showParticleSystems":true},"in2DMode":false,"pivot":{"x":14186.4658203125,"y":-131.72265625,"z":17673.66015625},"rotation":{"x":0.034677792340517047,"y":0.23551061749458314,"z":0.008410003036260605,"w":-0.9712202548980713},"size":15012.2509765625,"orthographic":false}